"sourceType","url","title","score","contentPreview"
"reddit","https://www.reddit.com/r/Flushing/comments/1lzpwt7/best_boba","best boba : r/Flushing - Reddit","","# best boba : r/Flushing
[Skip to main content](https://www.reddit.com/r/Flushing/comments/1lzpwt7/best_boba#main-content)best boba : r/Flushing

Open menu Open navigation[](https://www.reddit.com/)Go to Reddit Home

[Sign Up](https://www.reddit.com/register/)Sign up for Reddit[Log In](https://www.reddit.com/login/)Log in to Reddit

Expand user menu Open settings menu

[![Image 1](https://styles.redditmedia.com/t5_2tnqp/styles/communityIcon_x3s003y9xjb61.jpg?width=96&height=96&frame=1&auto=webp&crop=96%3A96%2Csmart&s=1456dde94173621dde4659ddfcd28d539d982234) Go to Flushing](https://www.reddit.com/r/Flushing/)

[r/Flushing](https://www.reddit.com/r/Flushing/)•1y ago

[Prudent_Lab7080](https://www.reddit.com/user/Prudent_Lab7080/)

# best boba

since there’s a plethora of boba shops now, whi"
"reddit","https://www.reddit.com/r/FoodNYC/comments/1g0pybk/flushing_food_crawl","Flushing Food Crawl : r/FoodNYC - Reddit","","# Flushing Food Crawl : r/FoodNYC
[Skip to main content](https://www.reddit.com/r/FoodNYC/comments/1g0pybk/flushing_food_crawl#main-content)Flushing Food Crawl : r/FoodNYC

Open menu Open navigation[](https://www.reddit.com/)Go to Reddit Home

[Sign Up](https://www.reddit.com/register/)Sign up for Reddit[Log In](https://www.reddit.com/login/)Log in to Reddit

Expand user menu Open settings menu

[![Image 1](https://styles.redditmedia.com/t5_32xtn/styles/communityIcon_5sln572yfel81.png?width=96&height=96&frame=1&auto=webp&crop=96%3A96%2Csmart&s=b4869bb03492628222645e15e73722fafb388fe1) Go to FoodNYC](https://www.reddit.com/r/FoodNYC/)

[r/FoodNYC](https://www.reddit.com/r/FoodNYC/)•2y ago

[No_Locksmith_3298](https://www.reddit.com/user/No_Locksmith_3298/)

# Flushing Food Crawl

Hi everyon"
"reddit","https://www.reddit.com/r/Flushing/comments/1rxjhll/so_many_boba_places_whos_your_top_pick","So many boba places, who's your top pick? : r/Flushing - Reddit","","# So many boba places, who’s your top pick? : r/Flushing
[Skip to main content](https://www.reddit.com/r/Flushing/comments/1rxjhll/so_many_boba_places_whos_your_top_pick#main-content)So many boba places, who’s your top pick? : r/Flushing

Open menu Open navigation[](https://www.reddit.com/)Go to Reddit Home

[Sign Up](https://www.reddit.com/register/)Sign up for Reddit[Log In](https://www.reddit.com/login/)Log in to Reddit

Expand user menu Open settings menu

[![Image 1](https://styles.redditmedia.com/t5_2tnqp/styles/communityIcon_x3s003y9xjb61.jpg?width=96&height=96&frame=1&auto=webp&crop=96%3A96%2Csmart&s=1456dde94173621dde4659ddfcd28d539d982234) Go to Flushing](https://www.reddit.com/r/Flushing/)

[r/Flushing](https://www.reddit.com/r/Flushing/)•3mo ago

[kz952611](https://www.reddit.c"
"event_page","https://www.eventbrite.com/d/ny--new-york/flushing","Discover Flushing Events & Activities in New York, NY - Eventbrite","","# Flushing Events and Things to do in New York, NY

Filters

Search for online events

Sold Out

![Knicks vs Spurs Watch Party @ Mama Taco • Food Drinks Hip-Hop Reggae FREE primary image](https://img.evbuc.com/https%3A%2F%2Fcdn.evbuc.com%2Fimages%2F1186557803%2F79380191751%2F1%2Foriginal.20260610-015507?crop=focalpoint&fit=crop&h=230&w=460&auto=format%2Ccompress&q=75&sharp=10&fp-x=0.5&fp-y=0.5&s=7745ef542e3b1f5f2bf74a712e100d8b)

### Knicks vs Spurs Watch Party @ Mama Taco • Food Drinks Hip-Hop Reggae FREE

Today at 7:30 PM

Brooklyn · MAMATACO

Free

TBP Hospitality

Promoted

Sold Out

![Knicks vs Spurs Watch Party @ Mama Taco • Food Drinks Hip-Hop Reggae FREE primary image](https://img.evbuc.com/https%3A%2F%2Fcdn.evbuc.com%2Fimages%2F1186557803%2F79380191751%2F1%2Foriginal.20260610-0155"
"other","https://www.yelp.com/search?find_desc=Boba+Tea&find_loc=Flushing%2C+Queens%2C+NY","TOP 10 BEST Boba Tea near Flushing, Queens, NY - Yelp","","TOP 10 BEST Boba Tea near Flushing, Queens, NY - Yelp

Best Boba Tea near Flushing, Queens, NY ; 1. Auntea Jenny · (114 reviews) · 39-07 Prince St, Flushing, NY 11354 ; 2. Chun Yang Tea · (246 reviews) · 133-41 41st Ave,"
"review_site","https://www.tripadvisor.com/Restaurants-g47729-zfp9-Flushing_Queens_New_York.html","THE 10 BEST Restaurants for Group Dining in Flushing","","![Tripadvisor](https://static.tacdn.com/assets/s/2651d377.svg)

## Flushing Restaurants for Group Dining

![](https://dynamic-media-cdn.tripadvisor.com/media/photo-o/2b/c4/75/83/soup-dumplings.jpg?w=200&h=200&s=1)
![](https://dynamic-media-cdn.tripadvisor.com/media/photo-o/1d/7a/6f/65/caption.jpg?w=200&h=200&s=1)
![](https://dynamic-media-cdn.tripadvisor.com/media/photo-o/19/cd/f0/70/spring-shabu-shabu-inside.jpg?w=200&h=200&s=1)
![](https://dynamic-media-cdn.tripadvisor.com/media/photo-o/32/88/26/10/happy-lamb-hot-pot.jpg?w=200&h=200&s=1)
![](https://dynamic-media-cdn.tripadvisor.com/media/photo-o/13/0f/7a/07/entrance.jpg?w=200&h=200&s=1)
![](https://dynamic-media-cdn.tripadvisor.com/media/photo-o/2b/c4/75/83/soup-dumplings.jpg?w=200&h=200&s=1)
![](https://dynamic-media-cdn.tripadvisor.co"
"other","https://www.yelp.com/search?find_desc=Restaurants+For+Large+Groups&find_loc=Flushing%2C+Queens%2C+NY","Best Restaurants For Large Groups near Flushing, Queens, NY - Yelp","","Best Restaurants For Large Groups near Flushing, Queens, NY - Yelp

Best Restaurants For Large Groups near Flushing, Queens, NY · 1. Jiang Nan · 2. Tavern 157 · 3. Camp Camp · 4. When In Bangkok · 5. Dirty Taco + Tequila Bayside."
"other","https://www.yelp.com/search?find_desc=Events+This+Weekend&find_loc=Flushing%2C+Queens%2C+NY","TOP 10 BEST Events This Weekend near Flushing, Queens, NY - Yelp","","TOP 10 BEST Events This Weekend near Flushing, Queens, NY - Yelp

All ""Events This Weekend"" results near me in Flushing, Queens, New York - June 2026. Showing 1-80 of 240. Queens Night Market - Events This Weekend near me -"
"review_site","https://www.tripadvisor.com/Attractions-g47729-Activities-zft11292-Flushing_Queens_New_York.html","THE 5 BEST Free Things to Do in Flushing (2026) - Tripadvisor","","THE 5 BEST Free Things to Do in Flushing (2026) - Tripadvisor

Best Free Things to Do in Flushing ; 1. Flushing Meadows Corona Park. 4.3. (411). Parks ; 2. Hindu Temple Society of North America. 4.6. (39). Religious Sites ; 3."
"review_site","https://m.yelp.com/search?find_desc=it%27s+boba+time&find_loc=Flushing%2C+Queens%2C+NY","It's Boba Time Flushing, Queens, NY - Last Updated June 2026 - Yelp","","It's Boba Time Flushing, Queens, NY - Last Updated June 2026 - Yelp

Top 10 Best It's Boba Time in Queens, NY - Last Updated May 2026 - Yelp - Fitrition, Fly Me To The Moon, Matcha Cafe Maiko, Cocohodo, Naisnow Tea and Bakery"
"review_site","https://www.yelp.com/search?find_desc=Big+Group+Dinner&find_loc=Flushing%2C+NY","Best Big Group Dinner near Flushing, Queens, NY","","Best Big Group Dinner near Flushing, Queens, NY

Best Big Group Dinner near Flushing, Queens, NY · 1. Jiang Nan · 2. Siam Thai · 3. Sappeisan · 4. Valdari NYC · 5. Hahm Ji Bach · 6. Cara Mia Restaurant · 7. Louie's"
"listicle","https://www.atly.com/united-states/new-york/new-york/flushing/best-boba-tea-tea","Flushing's 30 Best Boba Tea Spots - Atly","","Flushing's 30 Best Boba Tea Spots - Atly

# Boba tea spots. A boba shop that prioritizes the quality of the tea base, not just the texture of the toppings. Bubble tea shop offers **fresh, chewy boba** with **generous portions** and an **extensive menu** featuring unique flavors like strawberry jam. Bright, **modern, and cozy** interior creates a **welcoming, chill vibe** ideal for hanging out with friends. Brown sugar milk tea offers a **perfectly balanced** taste with **fresh, soft, and chewy boba**. Thai tea and taro milk tea stand out for their **creamy texture** and clear tea flavor. **Bubble tea** here tastes great and stands out from others. ""The boba in this tea is so fresh and chewy."". ""The boba tea here tastes amazing and really good."". The shop offers great value for bubble tea. "